name,year
"Panangaden, Prakash",2020
"Wolf, Marilyn Claire",2001
"Ma, Yi",2017
"Aggarwal, Charu Chandra",2013
"Diot, Christophe",2005
"Loveland, Donald W",2000
"Alonso, Gustavo",2012
"Zilberstein, Shlomo",2021
"Hambrusch, Susanne E",2020
"Farber, David J.",2001
"Weiss, Eric A",1994
"Dahlin, Michael D",2010
"Abramsky, Samson",2014
"Lederberg, Joshua",1994
"Snir, Marc",1999
"Sheth, Amit",2020
"Welzl, Emmerich",1998
"Kowalski, Robert A",2001
"Devadas, Srinivas",2014
"Ooi, Beng Chin",2011
"Faloutsos, Christos",2010
"Scott, Dana S",1994
"Pradhan, Dhiraj",1999
"Seitz, Steve",2017
"Launchbury, John",2010
"Cooper, Keith D",2005
"Flynn, Michael J",1994
"Keshav, Srinivasan",2012
"Fu, Kevin",2022
"Stevens, Rick",2020
"Lu, Songwu",2019
"Diffie, Whitfield",2020
"Towsley, Donald F",1997
"Tompa, Frank Wm",2010
"Hershberger, John",2012
"Pearl, Judea",2015
"Zimmermann, Thomas",2021
"Flanagan, Cormac",2020
"Lamport, Leslie",2014
"Sipser, Michael",2017
"Ladner, Richard E.",1995
"Rangan, Venkat",1998
"Manna, Zohar",1994
"Shamir, Adi",2020
"Elmagarmid, Ahmed",2012
"Choudhury, Tanzeem",2021
"Asano, Tetsuo",2001
"Catmull, Edwin",1995
"Bubenko, Janis A",2004
"Snyder, Larry",1995
"Alon, Noga",2016
"Vazirani, Umesh",2005
"Dally, William",2002
"Kesselman, Carl",2017
"Bhatkar, Vijay P",2009
"Berger, Emery David",2019
"Muntz, Richard R",1996
"Kemper, Alfons",2022
"Slutz, Donald R",1994
"Thompson, Kenneth Lane",2020
"Vishkin, Uzi",1996
"Lewis, Philip M",1999
"Perlman, Radia",2016
"Ross, Robert B",2021
"El Abbadi, Amr",2010
"Brandin, David H",1995
"Korth, Henry F",2000
"Katoen, Joost-Pieter",2020
"Freire, Juliana",2014
"Nycum, Susan H",1998
"Ailamaki, Anastasia",2015
"Vetterli, Martin",2009
"Mason, Matthew T",2021
"Asokan, N",2018
"Ammar, Mostafa",2003
"Nishizeki, Takao",1996
"Warnow, Tandy",2015
"Zhu, Wenwu",2022
"Barak, Boaz",2022
"Roberts, Eric S",2007
"Huskey, Harry D",1994
"Kleinrock, Leonard",2000
"Suciu, Dan",2011
"Maltz, David",2020
"Li, Fei-Fei",2018
"Iyer, Ravishankar",2001
"Mooney, Raymond",2010
"Goldwasser, Shafi",2017
"Bradshaw, Charles L",1994
"Thuraisingham, Bhavani",2018
"Li, Hang",2022
"Borner, Katy",2018
"Chang, Shih Fu",2017
"Scott, Steven",2012
"Tanenbaum, Andrew S",1996
"Blei, David M.",2015
"Lyles, Joseph Bryan",2016
"Steinmetz, Ralf",2001
"Coffman, Ed",1994
"Grohe, Martin",2017
"Reddy, Raj",2012
"Hamming, Richard W",1994
"Geschke, Charles M",1999
"Shin, Kang",2001
"Rosenblum, Mendel",2008
"Smolka, Scott",2021
"Thacker, Charles P",1994
"Libkin, Leonid",2012
"Gupta, Gopal Krishna",1998
"Keckler, Stephen",2011
"Mackay, Wendy Elizabeth",2019
"Smith, Alan",2001
"Borodin, Allan",2014
"Jaja, Joseph F",2001
"Halpern, Joseph",2002
"Blakeley, Jose A",2009
"Nagappan, Nachiappan",2020
"Shaw, Mary M",1996
"Govindaraju, Venu",2009
"Taft, Edward A",1994
"Gabow, Harold N",2002
"Flinn, Jason",2016
"Chayes, Jennifer",2010
"Fang, Yuguang",2022
"Cohen, Philip R",2019
"Carlson, Walter",1994
"Wong, Limsoon",2013
"Sahai, Amit",2018
"Tesauro, Gerald",2018
"Davis, Gordon B",1997
"Berghel, Hal",1998
"Hoppe, Hugues",2011
"King, Valerie",2014
"De Lucena, Carlos J P",2013
"Nau, Dana",2013
"OLeary, Dianne Prost",2006
"Vassiliadis, Stamatis",2004
"Reif, John H",1997
"Schroeder, Michael D",2004
"Weiser, Uri",2005
"Canetti, Ran",2020
"Vadhan, Salil",2018
"Kaufman, Arie E",2009
"Beeri, Catriel",2007
"Palem, Krishna",2005
"Pollack, Martha",2011
"Seshan, Srinivasan",2019
"Pratt, Vaughan Ronald",1997
"Hillis, William Daniel",1994
"Joachims, Thorsten",2014
"Sheffer, Alla",2021
"Qiu, Lili",2018
"Sorkine-Hornung, Olga",2020
"Klein, Philip N",2010
"Nicol, David M",2005
"Reed, Daniel A",2003
"Max, Nelson",2011
"Ghemawat, Sanjay",2020
"Borg, Anita",1996
"De Supinski, Bronis R.",2022
"Cachin, Christian",2019
"Lomet, David B",2002
"Lin, Yi-Bing",2003
"Lindsay, Bruce",1994
"Roussopoulos, Nick",2001
"Mishra, Bud",2007
"Taylor, Valerie",2016
"Sha, Lui",2005
"Ashenhurst, R L",1995
"Bryant, Randal E",2000
"Russell, Stuart",2003
"Myers, Andrew",2013
"Anandkumar, Anima",2022
"Zadeck, Frank Kenneth",2011
"Misra, Jayadev",1995
"Ryder, Barbara Gershon",1998
"Kramer, Jeffrey",2001
"Gao, Wen",2013
"Shum, Heung-Yeung",2006
"Hoffman, Lance",1995
"Garey, Michael R",1995
"Harper, Robert",2005
"Floyd, Sally J",2001
"Turner, Jonathan",2001
"Gao, Lixin",2012
"Srivastava, Mani B.",2017
"Hanrahan, Pat",2008
"Atienza Alonso, David",2022
"Whang, Kyu-Young",2009
"Guo, Baining",2011
"Dorr, Bonnie J",2020
"Goodenough, John B",1995
"Reynolds, John C",2001
"Daskalakis, Constantinos",2022
"Guzdial, Mark",2014
"Murphy, Gail C",2017
"Norvig, Peter",2006
"Cook, Stephen A",2008
"Broder, Andrei",2007
"Ranganathan, Parthasarathy",2014
"Brewer, Eric A.",2007
"Allender, Eric",2006
"Zhou, Lidong",2019
"Kavraki, Lydia",2010
"Kwiatkowska, Marta",2016
"Anderson, Thomas",2005
"Goldberg, Adele",1994
"Rosenberg, Arnold",1996
"Gray, Jim",1994
"Osterweil, Leon J",1998
"Culler, David",2002
"Dongarra, Jack",2001
"Chen, Xilin",2019
"Levine, Brian",2020
"McCluskey, Edward",1994
"Ullman, Jeffrey D",1995
"Elias, Peter",1994
"Wigderson, Avi",2018
"Boehm, Barry",1997
"Herzog, Bertram",1995
"Curtis, Bill",2022
"Cox, Ingemar J.",2013
"Jain, Ramesh C",2003
"Kurzweil, Ray",1994
"Eggers, Susan",2002
"Feldman, Stuart",1995
"Siewiorek, Daniel",1994
"Andrews, Gregory R",1998
"Schek, Hans-Joerg",2001
"Vidal, Rene",2022
"Hall, Wendy",2010
"Kaeli, David R",2021
"Helal, Sumi",2022
"Maier, David",1998
"Vitter, Jeffrey S.",1996
"Gannon, John D",1999
"Sifakis, Joseph",2012
"Cranor, Lorrie Faith",2014
"Waters, Brent",2021
"Sussman, Gerald",1994
"Furnas, George",2011
"Siegel, Howard",1998
"Bala, Kavita",2019
"Mccallum, Andrew K.",2017
"Dobkin, David P",1997
"Rodriguez, Pablo",2015
"Knightly, Edward",2017
"Wing, Jeannette M.",1998
"Low, Steven H.",2020
"Gusfield, Dan",2017
"Warnock, John",1999
"Hartmanis, Juris",1994
"Goodrich, Michael T",2009
"Lam, Simon S",1998
"Wilks, Yorick",2009
"Pitts, Andrew M",2012
"Jain, Anil K",2003
"Gear, Charles W",1994
"Sabnani, Krishan K.",2001
"Garcia-Molina, Hector",1997
"Clarke, Lori",1998
"Li, Ming",2006
"Leroy, Xavier",2015
"Cohen, Edith",2017
"Zadeh, L A",1994
"Reingold, Omer",2014
"Stearns, Richard E",1994
"Rau, Bantwal R",2002
"Meyer, Bertrand",2008
"Myers, Brad A",2005
"Norman, Donald A.",2001
"Haas, Laura M",2006
"Gini, Maria L",2019
"Jones, Cliff B",1995
"Lampson, Butler W",1994
"White, John R.",1995
"Pereira, Fernando",2010
"Cong, Jason",2008
"Raghavan, Prabhakar",2001
"Sitaraman, Ramesh Kumar",2019
"Fuchs, Wesley Kent",2000
"Li, Xiangyang",2019
"Gordon, Andrew D.",2020
"Spielman, Daniel A",2010
"Waltz, David L",1999
"Afrati, Foto",2014
"Agha, Gul",2018
"Allan, James",2020
"Hong, Jason",2022
"Kearns, Michael",2014
"House, Charles H",2008
"Wise, David S",2004
"Hertzmann, Aaron",2018
"Bahl, Victor",2003
"Dutt, Nikil D.",2014
"Tsudik, Gene",2014
"Preparata, Franco P",1995
"Pollefeys, Marc",2022
"Miller, RJ",2009
"Newell, Alan",2006
"Biermann, Alan W",2000
"Eppstein, David",2011
"Hand, Steven Michael",2017
"Kleinberg, Robert",2021
"Cytron, Ron",2010
"Sabharwal, Ashutosh",2022
"Samet, Hanan",1996
"Sharir, Micha",1997
"Shenoy, Prashant J",2019
"Mihalcea, Rada",2019
"Hull, Richard",2007
"Mitzenmacher, Michael",2014
"Ginsberg, Myron",1995
"Bartlett, Peter L",2018
"Ostrovsky, Rafail",2021
"Camenisch, Jan",2018
"Moses, Joel",2008
"Freedman, Michael J.",2019
"Littman, Michael",2018
"Lee, Ruby B",2001
"Shoham, Yoav",2012
"Leino, K. Rustan M.",2016
"Bernstein, Lawrence",1995
"Rosson, Mary Beth",2020
"Chawla, Nitesh",2022
"Perrig, Adrian",2016
"Parnas, David Lorge",1994
"Galler, Bernard A",1994
"Bertino, Elisa",2003
"Van Der Aalst, Wil",2020
"Kaplan, Ronald M",1994
"McIlraith, Sheila",2019
"Yi, Wang",2020
"Poucher, William B",1994
"Pirahesh, Hamid",2008
"Witten, Ian",1996
"Bundy, Alan",2014
"Wilensky, Robert",1997
"Smyth, Padhraic",2013
"Boncz, Peter",2022
"Rubinfeld, Ronitt",2014
"Loh, Gabriel H",2017
"Garcia-Luna-Aceves, J.J.",2008
"Peterson, Larry L",2000
"Ibarra, Oscar",1995
"Katz, Jonathan",2021
"Troyanskaya, Olga",2020
"Gibson, Garth A",2012
"Kambhampati, Subbarao",2019
"Malik, Jitendra",2008
"Khanna, Sanjeev",2018
"Kolda, Tamara G",2019
"Chazelle, Bernard",1996
"Agrawal, Dharma P",1998
"Pohl, Ira",2001
"Kurose, James",2001
"Landweber, Lawrence H",1996
"Abadi, Daniel J",2020
"Salesin, David H",2002
"Terry, Douglas B",2008
"Kriegel, Hans-Peter",2009
"Asanovic, Krste",2018
"Harris, Fred H",1994
"Stenstrom, Per O",2008
"Carey, Michael J",2000
"Matias, Yossi",2009
"Pnueli, Amir",2007
"Dill, David",2005
"Mossel, Elchanan",2021
"Ferrari, Elena",2019
"Schneider, Fred B",1995
"Reiter, Michael",2008
"Zeller, Andreas",2010
"Prabhakar, Balaji",2017
"Schiele, Bernt",2021
"Grove, David Paul",2012
"Garlan, David",2013
"Desbrun, Mathieu",2020
"Grumberg, Orna",2015
"Milo, Tova",2012
"Robertson, S E",2013
"Moran, Thomas",2003
"Ibaraki, Toshihide",1999
"Yao, Andrew C",1995
"Zhao, Ben Y.",2021
"Brent, Richard P",1995
"Williams, Robin",2000
"Garfinkel, Simson L",2012
"Lea, Douglas",2013
"Pan, David Z.",2021
"Snodgrass, Richard",1999
"Shenker, Scott J",2003
"Ramakrishnan, Raghu",2001
"Cattell, Rick",2012
"Capkun, Srdjan",2019
"Zhai, Chengxiang",2017
"Meseguer, Jose",2020
"Wecker, Stuart",1994
"Kraus, Sarit",2014
"Magnusson, Peter",2011
"Souvaine, Diane L",2011
"Ferrari, Domenico",2001
"Codd, Edgar F",1994
"Browne, James C",1998
"Blum, Manuel",2020
"Park, Haesun",2020
"Boehm, Hans",2012
"Liu, Huan",2018
"Marathe, Madhav",2013
"Denning, Dorothy E",1995
"Lazowska, Edward",1995
"Allen, Frances",1994
"Sohi, Gurindar S",2003
"Pippenger, Nicholas",1997
"Rutenbar, Rob A",2008
"Mitra, Subhasish",2014
"Wood, David A",2005
"Levoy, Marc",2007
"Kass, Michael",2017
"Reiter, Raymond",1997
"Guha, Ramanathan",2015
"Mansour, Yishay",2014
"Gomes, Carla",2017
"Bobrow, Daniel",1994
"Stone, Harold",1994
"Chlamtac, Imrich",1997
"Borman, Lorraine",1994
"Dwyer, Matthew B",2019
"Olukotun, Oyekunle",2006
"Guerin, Roch",2006
"Hailpern, Brent T",2003
"Morrisett, Greg",2013
"Fisher, Kathleen S",2010
"Deutsch, L Peter",1994
"Turner, Albert J",1998
"Vardy, Alexander",2017
"Chandy, Kanianthra Mani",2019
"Traub, Joseph",1994
"Pingali, Keshav K",2012
"Cohen, Michael F.",2007
"Kim, Nam Sung",2020
"Sistla, Aravinda P",2021
"Engeler, Erwin",1995
"Robertson, George",2001
"Rulifson, Jeff",1994
"Henkel, Joerg",2022
"Ilyas, Ihab F.",2020
"Jhala, Ranjit",2021
"Ozsoyoglu, Zehra",2011
"Stankovic, John A",1996
"Keeton, Kimberly",2018
"Pfister, Hanspeter",2019
"Franke, Hubertus",2021
"O'Rourke, Joseph",2012
"Gotlieb, Calvin C.",1994
"Durand, Fredo",2016
"Simon, Herbert A",1994
"Turk, Matthew A",2020
"Schantz, Richard",2004
"Plotkin, Gordon",2020
"Levy, Henry M",1996
"Malkhi, Dahlia",2011
"Zorin, Denis",2022
"Duffield, Nicholas",2020
"Weyuker, Elaine",1997
"Harel, David",1994
"Wheeler, David John",1994
"Gupta, Rajesh",2016
"Knuth, Donald E",1994
"Dijkstra, Edsger W",1994
"Berman, Francine",2000
"Kuo, Tei-Wei",2015
"Ross, Keith",2012
"Torii, Koji",1999
"Jacob, Robert J.K.",2016
"Sullivan, Gary J.",2022
"Håstad, Johan",2018
"Ousterhout, John",1994
"Gabrilovich, Evgeniy",2021
"Bate, Roger R",1997
"Heidelberger, Philip",1996
"Dray, Susan",2017
"Gotsman, Craig",2022
"Gilbert, Juan E",2018
"Henzinger, Monika",2016
"Tennenholtz, Moshe",2019
"Guruswami, Venkatesan",2017
"Traiger, Irv",1994
"Davidson, Jack",2008
"Yung, Moti",2013
"Paulson, Lawrence C",2008
"Muthukrishnan, S.",2010
"Hey, Anthony",2016
"Lu, Chenyang",2020
"Seltzer, Margo",2011
"Van Oorschot, Paul",2016
"Leyton-Brown, Kevin",2020
"Banerjee, Prithviraj",2000
"Seznec, Andre",2016
"Martin, C.  Dianne",1999
"Myers, Eugene",2003
"Schulzrinne, Henning",2014
"Sammet, Jean E",1994
"Peyton-Jones, Simon L",2004
"Eiter, Thomas",2020
"Williams, Laurie Ann",2020
"Moss, Eliot",2007
"Kaashoek, Frans",2004
"Ramalingam, Ganesan",2016
"Rombach, Dieter",2010
"Hennessy, John L",1997
"Denning, Peter J",1994
"Schlichting, Richard D",2001
"Dey, Tamal K",2018
"Pfenning, Frank",2015
"Larson, Per-Ake",2004
"Wilhelm, Reinhard",2000
"Taylor, Richard N",1998
"Hodgins, Jessica K",2018
"Burnett, Margaret",2017
"Yu, Philip S",1997
"DeFanti, Thomas",1994
"Sequin, Carlo H",1998
"Lin, Chih-Jen",2015
"Kuo, Chung C",2022
"Mueller, Frank",2018
"Najork, Marc",2019
"Jha, Niraj",2003
"Abrahams, Paul W",1995
"Raschid, Louiqa",2016
"Ricart, Glenn",2021
"McKeown, Kathleen",2003
"Satyanarayanan, Mahadev",2002
"Kannan, Sampath Kumar",2013
"Srinivasan, Aravind",2014
"Papadimitriou, Christos",2001
"Jagadish, H V",2003
"Roscoe, Timothy",2013
"Wolfson, Seymour J",1994
"Mukherjee, Shubu",2011
"Zdonik, Stanley",2006
"Cerf, Vinton",1994
"Kale, Laxmikant",2017
"Parashar, Manish",2020
"DeMicheli, Giovanni",2001
"Spafford, Eugene H.",1998
"Bajaj, Chandrajit L.",2009
"Shasha, Dennis E",2013
"Spector, Alfred Z",2006
"Lee, Insup",2017
"Lipton, Richard",1997
"Kahn, Robert E",2001
"Davis, Timothy Alden",2014
"Gurevich, Yuri",1997
"Kitsuregawa, Masaru",2012
"Oviatt, Sharon",2016
"Varghese, George",2002
"Karloff, Howard J",2011
"Wirth, Niklaus E",1994
"Ioannidis, Yannis",2004
"Bachman, Charles W",2014
"Jensen, Christian S.",2011
"Parker, Donn B",2001
"Jahanian, Farnam",2009
"Chandra, Ranveer",2022
"Baecker, Ronald M",2011
"Gottlieb, Allan",2004
"Kersten, Martin",2016
"Chien, Andrew A",2004
"Brooks, Rodney A",2005
"Fagin, Ronald",2000
"Galil, Zvi",1995
"Manning, Christopher",2013
"Gries, David Joseph",1994
"Duncan, Karen",2000
"Ramamritham, Krithivasan",2001
"Savage, John E",1996
"Indyk, Piotr",2015
"Gupta, Manish",2012
"Mitchell, Joseph",2011
"Wolf, Alexander L",2006
"Briand, Lionel",2020
"Lengauer, Thomas",2021
"Sameh, Ahmed",1999
"Padua, David",2007
"Demaine, Erik",2016
"Gottlob, Georg",2007
"Contractor, Noshir",2019
"Little, Joyce Currie",1994
"Feigenbaum, Edward A",2007
"Weikum, Gerhard",2005
"Rice, John",1996
"Whitted, J Turner",1995
"Eckert, J Presper",1994
"Higham, Nicholas",2020
"Li, Ninghui",2021
"Panchanathan, Sethuraman",2020
"Dunwell, Stephen",1994
"Conitzer, Vincent",2019
"Goldberg, Andrew V",2009
"Agrawal, Divyakant",2011
"Valduriez, Patrick",2012
"Aiken, Robert",2001
"Schroeder, Peter",2015
"Tan, Wang-Chiew",2015
"Karlin, Anna",2012
"Shneiderman, Ben",1997
"White, Ryen W",2021
"Vardi, Moshe Y",2000
"Balakrishnan, Hari",2008
"Dennis, Jack",1994
"Steele, Guy L",1994
"Camp, Linda Jean",2021
"Wand, Mitchell",2007
"Freeman, Peter A",2000
"Kuck, David J",1994
"Ganesan, Deepak",2021
"Srivastava, Divesh",2011
"Ellis, Clarence A",1998
"Wadler, Philip",2007
"MATSUOKA, SATOSHI",2011
"Konstan, Joseph A",2008
"Graham, Susan L",1994
"Freeman, William",2016
"Schoelkopf, Bernhard",2017
"Estrin, Deborah",2000
"Akyildiz, Ian F",1997
"Attiya, Hagit",2009
"Abraham, Jacob",2001
"Carpenter, Loren C",1995
"Garofalakis, Minos",2018
"Finerman, Aaron",1994
"Comer, Douglas E",2000
"Li, Feifei",2021
"Brooks, Frederick",1994
"Chellappa, Ramalingam",2013
"Dayal, Umeshwar",2008
"Kang , Sung Mo",2001
"Zhou, Yuanyuan",2013
"Adams, James M",1994
"Shah, Mubarak Ali",2021
"Alur, Rajeev",2007
"Iyengar, Sitharama",2001
"Miller, Barton P",2001
"Fox, Edward Alan",2017
"Chakrabarty, Krishnendu",2013
"Lynn, M Stuart",1994
"Kotz, David",2020
"Shieber, Stuart",2014
"Pitassi, Toniann",2018
"Birnbaum, Joel S",2001
"Jones, Neil",1998
"Widmayer, Peter",1997
"Kaltofen, Erich L",2009
"Gil, Yolanda",2016
"Peleg, David",2016
"Reingold, Edward M",1996
"Bodik, Rastislav",2018
"Walsh, Toby",2020
"Randell, Brian",2008
"Roughan, Matthew",2018
"Shyamasundar, Rudrapatna K",2009
"Feiner, Steven",2018
"Sarawagi, Sunita",2021
"Hull, Tom",1994
"Zaniolo, Carlo A",2019
"Maarek, Yoelle",2013
"Dhillon, Inderjit",2014
"Dourish, Paul",2015
"Morris, James H",2000
"Dale, Nell B.",2009
"Baldi, Pierre",2012
"Gonzalez, Antonio",2020
"Schuster, Assaf",2015
"Chamberlin, Donald",1994
"Radev, Dragomir R",2015
"Kirkpatrick, Scott",2011
"Jaffe, Jeffrey",1996
"Horowitz, Mark A",2003
"Barham, Paul",2018
"Darwiche, Adnan",2018
"Jajodia, Sushil",2021
"Goyal, Ambuj",2002
"Chen, Hsinchun",2015
"Foster, Ian T",2009
"Crowcroft, Jon",2002
"Gropp, William D",2006
"Graham, Robert M",1996
"Maggs, Bruce M",2018
"Boutilier, Craig",2012
"Highland, Harold J",1995
"Ernst, Michael D",2014
"Scott, Michael",2006
"Mutlu, Onur",2017
"Bianchini, Ricardo",2016
"Winograd, Terry",2009
"Sutherland, Ivan",1994
"Zhou, Kun",2020
"Harrison, Michael A",1996
"Lesk, Michael E",1996
"Strecker, William",1994
"Liu, Yunhao",2015
"Pullen, John Mark",2001
"Hill, Mark D.",2004
"Xie, Yuan",2019
"Austing, Richard H",1994
"Deo, Narsingh",1996
"Deng, Xiaotie",2008
"Halperin, Dan",2018
"Teng, Shang-Hua",2009
"Blelloch, Guy",2011
"Harrold, Mary",2003
"Forlizzi, Jodi",2020
"Vernon, Mary K",1996
"Pinkston, Timothy",2019
"Feng, Tse-Yun",1994
"Appel, Andrew W",1998
"Frailey, Dennis",1996
"Freeman, Herbert",1997
"Hart, Peter",2003
"Ellis, Carla S.",2010
"Frieder, Ophir",2005
"Rao, TRN",1996
"Barford, Paul",2016
"Mockapetris, Paul",2004
"Motwani, Rajeev",2007
"Sedgewick, Robert",1997
"Bjorner, Dines",2005
"Balazinska, Magdalena",2019
"Davis, Larry S",2012
"Wolfson, Ouri",2001
"Aluru, Srinivas",2020
"Hwu, Wen-Mei",2002
"Warren, David S",2000
"Getoor, Lise",2019
"Thorup, Mikkel",2005
"Kieburtz, Richard B",2001
"Tao, Yufei",2020
"Rui, Yong",2017
"Card, Stuart K.",2000
"Hirschberg, Julia",2015
"Patt, Yale",2001
"Rushmeier, Holly E",2016
"Kurtz, Thomas E",1994
"Greenberg, Albert G",2006
"Lynch, Clifford A",2017
"Cragon, Harvey G",1994
"Pop, Mihai",2019
"Schreiber, Robert",2012
"Davidson, Susan B",2001
"Xie, Tao",2021
,0
"Oettinger, Anthony",1995
"Narayanaswami, Chandra",2020
"Stockmeyer, Larry",1996
"Miller, Raymond",1997
"Wetherall, David",2011
"Booch, Grady",1995
"Ishii, Hiroshi",2022
"Emer, Joel",2004
"Canning, Richard G",1994
"Aiken, Alex",2008
"Horvitz, Eric",2014
"Buneman, Peter",2000
"Soatto, Stefano",2022
"Lee, Der-Tsai",1997
"Mohan, C.",2002
"Mowry, Todd C",2016
"Kiczales, Gregor",2012
"Agarwal, Anant",2007
"Friedman, Batya",2021
"Bose, Bella",2004
"Evans, Bob O",1994
"Naughton, Jeffrey F",2002
"Murphy, Robin R",2019
"Banerjee, Utpal",2007
"MacQueen, David",1999
"Wiederhold, Gio",1995
"Sanguinetti, John",2011
"Basin, David",2018
"Torrellas, Josep",2010
"Fortnow, Lance",2007
"Lin, Ming C",2011
"Beame, Paul",2019
"Wallace, Chris S",1995
"Burger, Douglas C",2010
"Pei, Jian",2015
"Mynatt, Elizabeth D.",2015
"Terzopoulos, Demetri",2007
"Humphrey, Watts S",2008
"Patel, Shwetak N",2016
"Karin, Sidney",2002
"Corbato, Fernando J",1994
"Agrawala, Maneesh",2022
"Selman, Alan",1998
"Tan, Chung Jen",1999
"Kasik, David J",2013
"Greenberg, Donald",1995
"Litwin, Witold",2001
"Jarke, Matthias",2013
"Dubois, Michel",2005
"Atallah, Mikhail",2006
"Guerraoui, Rachid",2012
"Singh, Mona",2019
"Katz, Randy H.",1996
"Tarjan, Robert E",1994
"Gupta, Aarti",2017
"Van Rijsbergen, C J",2003
"Inverardi, Paola",2021
"Vempala, Santosh",2015
"Steiglitz, Kenneth",1997
"Arge, Lars",2012
"Qureshi, Moinuddin",2022
"Needham, Roger M",1994
"Ebeling, Carl",2011
"Jackson, Daniel",2016
"Burton, Richard R.",1994
"Widom, Jennifer",2005
"Qadeer, Shaz",2021
"Rosing, Tajana",2021
"Miller, Victor",2015
"Ralston, Anthony",1994
"Wegman, Mark",1996
"Wegner, Peter",1995
"Chen, Peter P",1998
"Braverman, Mark",2021
"Lozano-Perez, Tomas",2017
"Neumann, Peter G",1994
"Shen, Heng Tao",2020
"Valiant, Leslie G",2012
"Trevisan, Luca",2021
"Rowe, Lawrence A",1998
"Silberschatz, Abraham",1996
"Whittaker, Stephen J",2014
"Kumar, Vipin",2005
"Borning, Alan H",2001
"Blasgen, Michael W",1994
"Agrawal, Rakesh",2003
"Grimson, Eric",2014
"Snoeren, Alex C.",2018
"Li, Li Erran",2017
"Cohen-Or, Daniel",2021
"Odersky, Martin",2007
"Micali, Silvio",2017
"Menczer, Filippo",2020
"Hopcroft, John E",1994
"McCarthy, John",1994
"Barroso, Luiz Andre",2010
"McKinley, Kathryn S",2008
"Van Renesse, Robbert",2009
"Noh, Sam H.",2020
"Wilkes, John",2002
"Valero, Mateo",2002
"Mogul, Jeffrey C",2001
"Downey, Rodney",2007
"Huang, Xuedong",2016
"Giles, Lee",2006
"Balakrishnan, Meenakshi",2021
"Suppes, Patrick",1994
"Misra, Vishal",2018
"Meyer, Albert R",2000
"Abowd, Gregory D.",2008
"Nievergelt, J",1995
"Encarnacao, Jose L.",1996
"Zweben, Stuart",1998
"Wang, Wei",2020
"Gosling, James",2013
"Akeley, Kurt B",1996
"Wong, Martin",2017
"Samarati, Pierangela",2021
"Zhang, Aidong",2017
"Pothen, Alex",2022
"De Giacomo, Giuseppe",2015
"Couger, J D",1997
"Rabin, Tal",2017
"Steel, Thomas B",1994
"Requicha, Aristides",2007
"Hume, J N",1994
"Petzold, Linda",2011
"Zwaenepoel, Willy E",2000
"Sapatnekar, Sachin S.",2016
"Berger, Bonnie",2003
"Hammer, Carl",1994
"Tardos, Eva",1998
"Gehrke, Johannes",2014
"Bricklin, Daniel S",1994
"Dolev, Danny",2007
"Patterson, David",1994
"Zhong, Lin",2021
"Cook, Perry",2008
"Kermarrec, Anne-Marie",2016
"Collins, George E",2004
"Zhang, Hui",2005
"Toyama, Kentaro",2022
"Dey, Anind",2021
"Pevzner, Pavel",2010
"Sandhu, Ravinderpal S",2001
"Ferrante, Jeanne",1996
"Dean, Jeffrey A",2009
"Want, Roy",2005
"Adleman, Leonard M.",2021
"Adrion, William Richards",1996
"Clarke, Edmund",1998
"Zanella, Paolo",1997
"Cormode, Graham R.",2020
"Funkhouser, Thomas",2018
"Sinclair, Alistair",2012
"Nikolaj, Bjorner",2021
"Dwork, Cynthia",2015
"Chi, Ed H.",2022
"Kay, Alan",2008
"Heiser, Gernot",2014
"Lui, John Chi-Shing",2009
"Laird, John E.",2006
"Lawson, H W",1997
"Jiang, Tao",2007
"Pass, Rafael",2022
"Erickson, Thomas D",2009
"Sarkar, Vivek",2008
"Grosz, Barbara J",2003
"Kozyrakis, Christos",2016
"Forbus, Kenneth",2006
"Shim, Kyuseok",2013
"Esteves-Verissimo, Paulo",2009
"Wong, Chak-Kuen",1995
"Ungar, David M",2010
"Keromytis, Angelos Dennis",2017
"Hermenegildo, Manuel V",2022
"Rosenfeld, Azriel",1994
"Abadi, Martin",2008
"Chen, Peter",2010
"Perrott, Ron",1997
"Singh, Munindar P.",2021
"Feamster, Nick",2016
"Youssef, Moustafa A",2019
"Sangiovanni Vincentelli, Alberto Luigi",2014
"Hearn, Anthony C",2006
"Liu, Tie-Yan",2021
"Bochmann, Gregor V",1996
"Rabin, Michael O.",2020
"Sudarshan, S.",2014
"Camp, Tracy",2012
"Dehon, Andre M",2018
"Parhi, Keshab K.",2020
"Hanson, Vicki",2004
"Hellerstein, Joseph M",2009
"Yang, Ming-Hsuan",2021
"Basili, Victor",1997
"Yonezawa, Akinori",1999
"Smith, Burton",1994
"Foley, James D",1999
"Anderson, James H",2013
"Fateman, Richard J",1999
"Pausch, Randy",2007
"Owicki, Susan S",1994
"Rosenschein, Jeffrey S",2019
"Chen, Ming-Syan",2006
"Cousot, Patrick",2020
"Marculescu, Diana",2019
"Arpaci-Dusseau, Remzi",2020
"Guttag, John",2006
"Jordan, Michael  I.",2010
"Kolaitis, Phokion",2005
"Govindan, Ramesh",2011
"Mei, Hong",2022
"Kennedy, Kenneth W",1995
"Hendren, Laurie J",2009
"Sherwood, Tim",2022
"Heckerman, David",2011
"Song, Dawn",2019
"Key, Peter B.",2011
"Xing, Eric",2022
"Prasanna, Viktor",2007
"Moore, J Strother",2006
"Ceze, Luis H",2022
"Adve, Vikram",2014
"LI, Xuelong",2020
"Vemuri, Baba C",2009
"Mount, David M",2022
"Simons, Barbara B",1994
"Felten, Edward",2007
"Gerla, Mario",2018
"Picard, Rosalind Wright",2021
"Jha, Somesh",2016
"Huttenlocher, Daniel",2007
"Navarro, Gonzalo",2022
"Ren, Kui",2020
"Glass, Robert L",1999
"Zhang, Lixia",2006
"Lowney, Paul G",2008
"Rastogi, Rajeev  Ramnarain",2012
"Bruckman, Amy S",2018
"Sivasubramaniam, Anand",2017
"Wu, Cathy H",2020
"Li, Hai",2021
"Kemmerer, Richard A.",1997
"Nebel, Bernhard",2021
"Fox, Dieter",2020
"Franklin, Michael J",2005
"Riedl, John T",2009
"Winograd, Shmuel",1994
"Ellen, Faith",2014
"Jouppi, Norman",2006
"Wah, Benjamin W.",2004
"Tamassia, Roberto",2012
"Dechter, Rina",2013
"Sandholm, Tuomas",2008
"Lee, Wenke",2017
"Forsyth, David",2013
"Rung-Tsong Lyu, Michael",2015
"Haas, Peter",2013
"Nagpal, Radhika",2020
"Milner, A J",1994
"Haderle, Donald J",2000
"Leveson, Nancy",1995
"Batcher, Kenneth E",1994
"Banerjee, Suman",2020
"Sethi, Ravi",1996
"Cole, Richard J",1998
"Wasserman, Anthony I",1996
"Churchill, Elizabeth Frances",2019
"Lee, Peter",2004
"Devanbu, Premkumar T",2018
"Abdelzaher, Tarek",2019
"Liu, Bing",2015
"Zave, Pamela",2001
"Fox, Geoffrey",2011
"Dodd, George",1996
"Rinard, Martin",2009
"McKeown, Nick",2006
"Marculescu, Radu",2022
"Karger, David",2009
"Czerwinski, Mary P.",2015
"Hajiaghayi, Mohammad T.",2018
"Cartwright, Robert S",1998
"McCracken, Daniel D",1994
"Ramakrishnan, K. K.",2017
"Birman, Ken",1999
"Lehman, Meir",1994
"Franz, Michael",2015
"Chan, Timothy",2019
"Zhang, Xiaodong",2012
"Zhang, Zhengyou",2013
"Tehranipoor, Mark",2021
"Lee, John A",1994
"Stasko, John",2022
"Masinter, Larry M",1999
"Bernstein, Philip A",2001
"Birkedal, Lars",2017
"York, Bryant W",2006
"Kossmann, Donald",2010
"Weingarten, Fred W",1996
"Suzuki, Norihisa",1995
"Arpaci-Dusseau, Andrea",2020
"Menasce, Daniel A.",1997
"Irwin, Mary Jane",1996
"Sagiv, Shmuel",2015
"Luby, Michael George",2015
"Madden, Samuel",2020
"Zaki, Mohammed",2021
"Heinzelman, Wendi Beth",2018
"Ramamoorthi, Ravi",2017
"Hu, Xiaobo Sharon",2021
"Hoos, Holger H.",2020
"Horning, James Jay",1998
"John, Lizy Kurian",2020
"Leighton, Tom",2018
"Kraut, Robert",2011
"Guibas, Leonidas",1999
"Herlihy, Maurice",2005
"Saks, Michael E",2016
"Yannakakis, Mihalis",1998
"Carroll, John",2003
"Shavit, Nir N",2013
"McJones, Paul R",1994
"Malik, Sharad",2014
"Lamsweerde, Axel Van",2000
"Thekkath, Chandramohan A",2009
"Calvanese, Diego",2019
"Chang, Edward Y",2021
"Landau, Susan",2011
"Agarwal, Pankaj",2002
"Wang, Wenping",2021
"Zabih, Ramin",2012
"Guzman, Adolfo",2002
"Comaniciu, Dorin",2017
"Koushanfar, Farinaz",2022
"Hendler, James",2016
"Dwarkadas, Sandhya",2018
"Alt, Franz L",1994
"Marzullo, Keith",2011
"Squillante, Mark S",2008
"Heath, Michael",2000
"Wellman, Michael",2005
"Tambe, Milind",2013
"Jain, Raj",1996
"Kumar, Ravi",2020
"Tullsen, Dean",2011
"Hicks, Michael W",2022
"Landay, James",2016
"Deb, Kalyanmoy",2022
"Fujimoto, Richard M",2017
"Boisvert, Ronald F",2019
"Kellogg, Wendy A",2002
"Zheng, Haitao",2022
"Lynch, Nancy",1997
"Van Dam, Andries",1994
"Roth, Dan",2011
"Frincke, Deborah",2019
"Engel, Gerald L",1994
"Breitbart, Yuri",2001
"Hudak, Paul",2003
"Hughes, John",2018
"Bajcsy, Ruzena",1996
"Ware, Willis H",1994
"Baeza-Yates, Ricardo A",2009
"Bokhari, Shahid H",2000
"D'Auria, Thomas A",1994
"Stroustrup, Bjarne",1994
"Calder, Bradley G",2019
"Friedman, Frank",1994
"Fischer, Gerhard",2009
"Ouaknine, Joel",2021
"DeKleer, Johan",2001
"Zhou, Zhi-Hua",2016
"Martonosi, Margaret",2009
"Harchol-Balter, Mor",2017
"Reuter, Andreas",2019
"Fayyad, Usama M",2006
"Olsen, Dan R",2006
"Bader, David A",2021
"Minker, Jack",1994
"Rose, Jonathan",2008
"Markl, Volker",2020
"Chen, Yiran",2020
"Donald, Bruce R.",2009
"Goodman, James",2010
"Gupta, Rajiv",2009
"Navathe, Shamkant",2014
"Schnabel, Robert B",2010
"Seshia, Sanjit Arunkumar",2020
"Sahni, Sartaj K",1996
"Mahlke, Scott",2020
"Selman, Bart",2012
"Auslander, Marc",1999
"Bellare, Mihir",2013
"Tang, Jie",2021
"Vianu, Victor",2006
"Yu, Yizhou",2022
"Rodden, Tom",2014
"Hassan, Ahmed E.",2022
"DeWitt, David",1995
"Katabi, Dina",2013
"Wilkes, Maurice V.",1994
"Crovella, Mark",2010
"Ahuja, Narendra",1996
"Syverson, Paul",2014
"Davie, Bruce",2009
"Borriello, Gaetano",2009
"Parulkar, Gurudatta",2018
"Mehlhorn, Kurt",1999
"Sloan, Martha",1994
"McDaniel, Patrick",2015
"Gibbons, Phillip B",2006
"Tichy, Walter F.",2012
"Falsafi, Babak",2015
"Ghezzi, Carlo",1999
"Haritsa, Jayant R",2015
"Constantine, Larry",2007
"Hubaux, Jean-Pierre",2010
"Charikar, Moses",2020
"Arora, Sanjeev",2008
"Su, Zhendong",2022
"Arvind, Arvind",2006
"Liskov, Barbara",1996
"Preas, Bryan",1996
"Zegura, Ellen",2013
"Dumais, Susan T",2006
"Lin, Jimmy",2022
"Vahdat, Amin",2011
"Gupta, Anupam",2021
"Graham, Ronald L.",1999
"Levin, Roy",2008
"Choudhary, Alok",2009
"Condon, Anne",2010
"Bourne, Stephen",2005
"Wulf, William A",1994
"Yang, Qiang",2017
"Druin, Allison",2016
"Manjunath, Bangalore S",2018
"Cortes, Corinna",2022
"Eeckhout, Lieven",2021
"Miller, Gary L",2002
"Olson, Judith S",2008
"Stonebraker, Michael",1994
"Greenberg, Saul",2012
"Alvisi, Lorenzo",2010
"Zyda, Michael J",2020
"Clarkson, Kenneth",2008
"Mataric, Maja",2020
"Boggs, David R.",1994
"Teevan, Jaime",2022
"Rao, Satish",2013
"He, Tian",2018
"Frankston, Robert M",1994
"Vazirani, Vijay V",2005
"Barr, Alan H",1995
"Croft, Bruce",1997
"Partridge, Craig",2003
"Li, Kai",1998
"Brodley, Carla",2016
"Parkes, David",2018
"Edelman, Alan",2020
"Esbin, John H",1994
"Stone, Peter",2020
"Hoelzle, Urs",2009
"Amarasinghe, Saman",2019
"Koenig, Sven",2020
"Pancake, Cherri M",2001
"Belding, Elizabeth",2018
"Holzmann, Gerard J.",2011
"Lyon, Richard F",2010
"Hazan, Elad",2021
"Maisel, Herbert",1994
"Rexford, Jennifer",2008
"Morris, Robert",2014
"Hearst, Marti",2013
"Babaoglu, Ozalp",2002
"Han, Jiawei",2003
"Shmoys, David Bernard",2001
"Voorhees, Ellen M",2018
"Oliver, Nuria",2017
"Shor, Peter W",2019
"Gribble, Steven",2020
"Ives, Zachary",2021
"Kautz, Henry A",2013
"Fall, Kevin",2015
"Soffa, Mary Lou",1999
"Selinger, Patricia G.",2009
"Rada, Roy F",1995
"Sellis, Timoleon",2013
"Tannen, Val",2013
"Whitley, Darrell",2019
"Grudin, Jonathan",2012
"Sakallah, Karem",2012
"Demillo, Richard",2003
"Bhuyan, Laxminarayan Bhuyan",2000
"Cook, Rob",1999
"Zhai, Shumin",2010
"Haas, Zygmunt J.",2021
"Aho, Alfred V",1996
"Singhal, Amit",2011
"Chandrasekaran, B.",1996
"Johnson, David S",1995
"Dean, Thomas L",2009
"Kandel, Abraham",1998
"Gross, Markus",2012
"Gelenbe, Erol",2001
"Kosaraju, Sambasiva",1995
"Lakshmivarahan, S",1995
"Lavenberg, Stephen S",1994
"Williamson, David",2013
"Bacon, David F",2009
"Richards, John T",1998
"Khuller, Samir",2022
"Yovits, Marshall C",1996
"Kumar, Panganamala",2013
"Karp, Richard",1994
"Szeliski, Richard",2008
"Olson, Gary M",2007
"Nieh, Jason",2019
"Tassiulas, Leandros",2020
"Ackerman, Mark S",2013
"Floyd, Robert W.",1994
"Hellman, Martin",2020
"Ball, Thomas",2011
"Buxton, William A.S.",2008
"Kedem, Zvi",1997
"Borgman, Christine L",2013
"Gifford, David K",2011
"Sudan, Madhu",2008
"Winslett, Marianne",2006
"Kahng, Andrew",2012
"Lakshman, T V",2005
"Savage, Stefan",2010
"Salzberg, Steven",2020
"Rogers, Yvonne",2017
"Zuckerman, David",2013
"Miller, Dale A",2021
"Gao, Guang",2007
"Fiat, Amos",2021
"Wegbreit, Ben",1994
"Vigna, Giovanni",2019
"Lorie, Raymond A",2000
"Adve, Sarita",2010
"Rosenblum, David S.",2010
"Tao, Dacheng",2019
"Gabriel, Richard",1998
"Irani, Sandy",2022
"Nance, Richard E",1996
"Chaudhuri, Surajit",2005
"Reps, Thomas",2005
"Elliott, Chip",2013
"Ozsu, M. Tamer",2006
"Farach-Colton, Martin",2021
"Amato, Nancy M",2015
"Constable, Robert",1995
"Mudge, Trevor",2016
"Fan, Wenfei",2012
"Liu, C.L.",1994
"Stolfo, Salvatore J",2019
"Upfal, Eli",2005
"Srikant, Ramakrishnan",2014
"Nahrstedt, Klara",2012
"Zhang, HongJiang",2007
"Canny, John",2020
"Veloso, Manuela",2016
"Kannan, Ravi",2016
"Wolman, Alec",2018
"Knoblock, Craig",2017
"Kent, Stephen T",1998
"Morris, Meredith Ringel",2020
"Shamir, Ron",2012
"Abiteboul, Serge",2011
"Rajamani, Sriram",2015
"Mitchell, John C.",2008
"Felleisen, Matthias",2006
"Elbaum, Sebastian",2022
"Shaw, Alan C",1997
"Hoare, C. Antony R.",2020
"Cardie, Claire",2019
"Demmel, James",1999
"Larus, James",2006
"Yelick, Katherine",2012
"Rusinkiewicz, Szymon",2021
"Atchison, William F.",1994
"Sellen, Abigail",2016
"Lenzerini, Maurizio",2009
"Pierce, Benjamin",2012
"Yu, Dong",2022
"Klensin, John C",2007
"Lam, Monica",2007
"Patel, Janak H",2001
"DeBlasi, Joseph S",1999
"Beaudouin-Lafon, Michel",2022
"Feigenbaum, Joan",2001
"Marschner, Steve",2021
"Suri, Subhash",2010
"Narayanan, Vijaykrishnan",2014
"Bell, C Gordon",1994
"Boneh, Dan",2016
"Clark, David D",2001
"Brotz, Douglas K",1994
"Kozen, Dexter",2003
"Wobbrock, Jacob Otto",2021
"Wooldridge, Michael",2015
"Chandrakasan, Anantha",2020
"Weld, Daniel",2005
"Gal-Ezer, Judith",2021
"Benini, Luca",2016
"Klawe, Maria",1996
"Green, Cordell",1994
"Fuchs, Henry",1995
"Schneck, Paul",1997
"Cassell, Justine",2016
"Sevcik, Kenneth C",1997
"Naor, Moni",2020
"Dietterich, Thomas G",2002
"Stein, Clifford",2012
"Rus, Daniela",2014
"Thomas, Donald E",2007
"Chang, Naehyuck",2015
"Fischer, Michael J",1996
"Isbell, Charles Lee",2018
"Kiesler, Sara",2010
"Henzinger, Thomas A",2006
"Abramson, David A",2010
"Baer, Jean-Loup E",1997
"Patel, Jignesh M",2014
"Skadron, Kevin",2015
"Hoefler, Torsten",2022
"Kahan, William",1994
"Blum, Avrim",2007
"Tomasi, Carlo",2016
"Kleinberg, Jon",2013
"Mellor-Crummey, John",2013
"Mills, David L",1999
"Yan, Shuicheng",2020
"Finin, Tim",2018
"Druffel, Larry",1995
"Immerman, Neil",2002
"Young, Paul",1995
"Taylor, Robert W",1994
"Salton, Gerard",1995
"Stoica, Ion",2012
"Samuelson, Pamela",1999
"Braden, Robert T",1999
"Halevy, Alon Yitzchak",2006
"Moshovos, Andreas",2017
"Jones, Anita K",1996
"Das, Gautam",2021
"Agrawal, Vishwani D",2002
"Greif, Irene",1997
"Cai, Jin-Yi",2001
"Resnick, Paul",2020
"Kanade, Takeo",1999
"Finkelstein, Adam",2014
"Notkin, David S",1998
"Sengupta, Sudipta",2016
"Munro, Ian",2008
"Lee, Lillian",2018
"Manocha, Dinesh",2009
"Grossman, Robert L.",2016
"Ceri, Stefano",2013
"Tomkins, Andrew",2020
"Brooks, David",2020
"Rosenkrantz, Daniel J",1995
"Aaronson, Scott J",2019
"Trimberger, Stephen",2010
"Kim, Won",1995
"Voelker, Geoffrey",2017
"Hayes, John P",2001
"Newborn, Monroe",1994
"Brachman, Ronald J.",1999
"Rivest, Ronald L",1994
"Smith, Adam",2020
"Tucker, Allen",1994
"Cardelli, Luca",2004
"Chang, Yao-Wen",2020
"Luo, Jiebo",2018
"Goemans, Michel X",2008
"Paxson, Vern",2006
"Sanders, William",2003
"Joshi, Aravind K",1998
"Pach, Janos",2011
"Vishnoi, Nisheeth",2019
"Padmanabhan, Venkata",2016
"Leiserson, Charles E",2006
"Blackburn, Stephen",2016
"Maurer, Ueli M",2015
"Willinger, Walter",2005
"Krishnamurthy, Arvind",2020
"Bugnion, Edouard",2017
"Hager, Gregory",2017
"Grosch, Herbert R J",1995
